data,acucar,farelo_soja,milho,outros,graos_soja,porto
2005-01-01,581383.455,148641.973,67968.749,1675915.136,107966.28499999999,5027935.933
2005-02-01,878015.791,207084.35,11623.584,1709254.2619999999,390955.911,5316604.778
2005-03-01,610138.354,186525.305,12014.295,1730293.75,896454.461,5899909.231
2005-04-01,764282.986,340274.229,7687.881,1860562.606,858345.463,5850636.302
2005-05-01,1007703.226,330537.573,12814.725,2027806.818,1062494.325,6826360.941
2005-06-01,1310655.446,301592.295,3985.769,1954591.071,923102.61,6974473.321
2005-07-01,1201820.642,270746.365,5942.269,2098358.022,964641.15,7071774.523
2005-08-01,1375694.915,208010.834,3063.299,2364857.204,725978.402,7068945.089
2005-09-01,896845.306,278778.558,1644.441,2056304.264,656346.695,6045105.598
2005-10-01,741059.273,259139.925,2112.046,2201127.84,497262.713,6416202.274
2005-11-01,899938.083,206181.46600000001,3435.3650000000002,2053614.194,425010.951,5808338.578
2005-12-01,560709.73,217542.46,3889.217,1907716.089,206592.946,5373384.718
2006-01-01,496743.514,95090.402,2993.0370000000003,1710207.36,81553.634,4588414.15
2006-02-01,714095.87,260620.457,2024.781,1700801.182,339845.635,5321603.904
2006-03-01,559473.288,224962.394,1151.874,1775532.665,1145887.557,5853510.333
2006-04-01,612102.149,363230.855,2074.101,1916482.131,1289658.279,6450282.908
2006-05-01,892746.004,275191.358,2695.472,2026967.136,624619.164,6323906.049
2006-06-01,1195564.273,252228.745,2048.777,1960370.227,810308.111,6601739.895
2006-07-01,1428223.244,250914.181,293.23,1967646.851,809302.583,6973166.512
2006-08-01,1293855.11,290143.583,1198.32,2436383.089,736157.764,7882711.329
2006-09-01,1220759.122,266225.038,468.679,2133161.752,407563.478,6755243.067
2006-10-01,1082566.837,335017.202,1165.3600000000001,2326287.306,286745.98699999996,6726027.191
2006-11-01,1005448.584,163609.438,410.5,2263585.671,157152.35700000002,6164819.983
2006-12-01,1179554.679,287217.355,274.262,2319729.342,86585.391,6544093.955
2007-01-01,902930.294,73100.498,903.3900000000001,2061214.794,47331.333,5875631.026
2007-02-01,653108.525,226533.065,727.208,2191237.133,273686.027,5938947.341
2007-03-01,712382.866,165828.54799999998,1664.192,2098101.373137,997258.917,6679112.881399
2007-04-01,708592.695,309496.12299999996,11186.748,1827519.512,1015245.92,6557850.892
2007-05-01,992307.484,294571.309,104732.536,2018655.301,620279.257,6813862.985
2007-06-01,1336169.578,266572.949,28675.882999999998,2013781.631,647753.963,7207851.918
2007-07-01,1463094.032,217163.66199999998,467490.204,2187655.522,413167.654,7770899.801
2007-08-01,1502842.051,256487.353,487091.069,2269853.019,317170.881,7827563.654
2007-09-01,1384933.716,357170.139,648041.864,2070804.188,21218.676,7388270.832
2007-10-01,1127011.314,201220.726,700965.51,2291415.546,138907.46,7068229.8
2007-11-01,1149732.339,202605.16,380657.987,2088322.518,70981.462,6799633.582
2007-12-01,604586.742,80840.587,259614.897,1989961.12,70115.259,5784737.073
2008-01-01,482514.11,134114.911,154948.641,2030539.34,70903.594,5516411.285
2008-02-01,604816.557,128168.933,6174.314,1900097.159,192349.524,5618932.267
2008-03-01,598750.509,240494.75,5534.164000000001,2064868.977,1487727.465,6943693.489
2008-04-01,604200.629,280355.597,12548.128,1779661.094,1264802.621,6468283.194
2008-05-01,773906.934,325981.96,82241.85399999999,1910957.639,1147398.006,6996286.387
2008-06-01,1254749.143,230981.223,87577.12299999999,2115517.85,1053621.439,7608112.688
2008-07-01,1417107.635,305157.82,171649.025,2099835.304,930315.9789999999,7953709.126
2008-08-01,1205359.388,195335.753,116663.662,2389648.834,444758.181,7620858.951
2008-09-01,1334239.561,229470.582,349814.951,2355762.858,258206.32,7772372.599
2008-10-01,1264494.161,222507.282,245892.076,2637602.823,167313.788,7491841.987
2008-11-01,963603.084,149664.399,506656.581,2420299.699,74086.69499999999,7031427.062
2008-12-01,718694.669,150316.725,614465.566,2410853.31,43989.119,6660337.403
2009-01-01,610739.727,123617.524,474045.181,1545247.852,29294.301,5154898.352
2009-02-01,763029.521,17235.88,277896.033,1589484.506,604182.876,5261462.067
2009-03-01,632963.053,169548.034,71413.852,1766894.316,1796159.608,6694952.828
2009-04-01,1030520.926,226838.125,2690.668,1731103.919,1717031.533,7177976.605
2009-05-01,1212012.042,295674.135,17944.645,1897564.027,1391093.043,7386919.807
2009-06-01,1258889.781,249065.395,638.25,1785803.1909999999,1274588.189,7201187.108
2009-07-01,1107552.014,59993.105,34898.911,1965739.448,834863.949,6891207.918
2009-08-01,1581237.784,279016.845,419346.21499999997,2305736.816,584169.24,8351298.131
2009-09-01,1471539.308,121830.32,457163.147,2215234.3,233626.83,7795962.077
2009-10-01,1341774.517,144349.94,735444.201,2429331.985,155126.967,7764156.926
2009-11-01,1018035.487,206995.978,614509.354,2106221.412,56934.475,7401634.52
2009-12-01,974727.694,101185.581,529359.835,2104474.96,42343.1,7054265.406
2010-01-01,658862.152,96510.356,472888.72099999996,2229189.772,1656.33,6317083.473
2010-02-01,550177.227,134073.22,66854.257,1781544.717,1158367.93,6374270.483
2010-03-01,765548.094,178518.137,11993.342999999999,2061504.854,1941436.937,7915548.029
2010-04-01,738644.862,91240.92,4232.88,1995643.136,1775232.8630000001,7454247.828
2010-05-01,1052270.831,150156.54,1390.947,2918338.694,1488504.925,8988240.752
2010-06-01,1316125.508,197918.30000000002,3974.322,2712871.156,1028093.613,8377335.393
2010-07-01,1458916.418,127363.75600000001,386362.806,2937610.315,467828.511,8603807.09
2010-08-01,1613686.479,119655.565,833513.694,3140585.313,361371.447,9547550.873
2010-09-01,1647847.893,80439.915,813320.7849999999,3122070.293,43263.49,9114835.795
2010-10-01,1763009.389,91926.8,1070382.368,3062735.729,66793.86,9588158.742
2010-11-01,817107.524,74638.471,971234.295,2327819.881,47646.818999999996,7700318.1959999995
2010-12-01,718039.28,93508.054,936510.06,2125102.034,22131.747000000003,7285441.315
2011-01-01,789618.051,54354.018,615362.154,1692828.705,24891.793999999998,6524095.232
2011-02-01,621920.219,54403.367,201020.841,1748711.256,568151.117,6176029.55
2011-03-01,809736.907,107920.94,11734.396,1796683.633,1981766.9440000001,7936285.364
2011-04-01,878167.716,52879.674,4095.665,1928249.432,2253433.372,8502853.415
2011-05-01,1256301.705,152469.011,858.0160000000001,1889226.868,1293722.494,7946768.956
2011-06-01,2334942.558,89623.29,1134.779,2022198.906,1064732.298,9040789.295
2011-07-01,2615125.41,89211.315,581216.053,1997929.982,661434.173,9633477.201
2011-08-01,2182231.902,76008.585,1127872.968,2141394.424,238131.11099999998,9363759.49
2011-09-01,1839525.959,143995.775,966148.988,2192644.132,149288.81,8926643.146
2011-10-01,1727192.546,179857.29,559234.48,2099961.94,489077.751,8883605.622
2011-11-01,1291888.491,144595.915,324533.15400000004,1840680.239,533858.808,7625494.341
2011-12-01,875897.179,217113.09,247688.392,1969017.937,639169.094,7660715.296
2012-01-01,686471.242,67995.992,169375.644,1724716.139,334036.227,6256258.3950000005
2012-02-01,621563.335,168560.036,33903.494,1748769.761,1440902.571,7230301.974
2012-03-01,654903.297,303475.396,3192.737,1865070.523,2664429.039,8641162.086
2012-04-01,591631.739,292607.855,36556.421,1928987.626,2318461.842,8406377.524
2012-05-01,1174595.981,271259.73699999996,1909.015,1838589.384,1886382.092,8302650.462
2012-06-01,1511249.317,274168.975,112782.03799999999,1921796.362,1316846.795,8521619.809
2012-07-01,1934624.167,273169.866,1386757.283,1965220.199,646074.9720000001,9794708.894
2012-08-01,2382504.926,300210.085,1765043.895,2105720.181,310716.063,10648953.52
2012-09-01,2097096.176,157494.84,1743542.23,1971007.467,185223.362,9810354.135
2012-10-01,2152299.264,269753.385,1777097.324,1961376.621,94358.278,10248178.674
2012-11-01,1731942.389,130970.84,1558748.5760000001,1898117.677,73949.43,9086061.79
2012-12-01,1410226.543,127530.03,1527012.04,1971636.88,44988.219999999994,8742411.623
2013-01-01,1285508.057,274441.48,1073987.791,1993592.891,24565.46,8076888.147
2013-02-01,1108110.542,163240.16,632140.302,1742771.993,1074257.302,7624171.813
2013-03-01,1434374.524,142538.37,68970.527,2092681.6300000001,2636092.85,9574375.467
2013-04-01,1090402.456,309505.08,1890.148,1940568.53,2971784.042,9779154.525
2013-05-01,1650491.206,397293.06,2269.112,1955134.763,2422014.008,9914380.377
2013-06-01,1756249.729,265843.255,504.482,1949543.64,1748362.209,9324899.127
2013-07-01,2198882.304,281165.98,858841.7,2069706.254,1203702.92,10473412.936
2013-08-01,2405838.014,261197.01,1980540.418,2372013.464,610777.45,11372928.993
2013-09-01,1870536.674,230142.276,2019180.42,2211890.001,340249.847,10207159.92
2013-10-01,1911791.605,219444.51,1935622.632,2615954.611,145952.752,10660676.79
2013-11-01,1356309.172,228263.78,1388266.301,2344418.452,69348.56,9119618.687
2013-12-01,1261240.904,133261.545,1347517.028,2226237.831,56621.05,8505762.646
2014-01-01,1238899.318,197297.945,567123.185,1812927.332,282.68,6938878.625
2014-02-01,957551.344,213393.04,186040.79,1727653.742,1801182.406,7885192.432
2014-03-01,1427109.937,337964.77,5997.725,2182019.866,3362520.321,10586902.666
2014-04-01,742353.915,417720.219,2651.142,2007360.063,2436255.531,9058380.669
2014-05-01,1051545.978,338668.06,1967.998,2159084.966,1828122.765,8870441.942
2014-06-01,1729339.566,510886.125,686.802,2253374.12,1882587.5389999999,9915405.47
2014-07-01,1927731.502,467483.642,651712.447,2358590.808,1031180.64,10076024.985
2014-08-01,1900911.701,439252.023,1631562.098,2602783.635,280600.76,10733912.514
2014-09-01,1721786.997,270460.357,1318428.358,2441623.017,23988.145,9323915.804
2014-10-01,1846438.491,261042.02099999998,1836334.318,2463575.802,0.0,10321869.347
2014-11-01,1405795.418,207525.555,1470441.351,2256683.838,0.0,8885444.815
2014-12-01,1492566.778,247576.489,1310449.058,2493047.181,37.8,9052195.665
2015-01-01,1241822.153,275668.395,512356.10000000003,2078405.875,41.86,7510727.976
2015-02-01,1097480.378,330968.047,255869.942,2020063.376,1698606.39,8541652.451
2015-03-01,1393675.256,422643.893,7544.882,2482489.347,2534927.377,10311284.933
2015-04-01,759092.179,467862.26,7422.782999999999,2437112.906,2833662.449,9419717.093
2015-05-01,1405629.556,413060.449,1472.195,2418937.335,2500944.729,10087791.102
2015-06-01,1305416.018,425935.691,143906.074,2341300.134,1756842.308,9295702.624
2015-07-01,1752402.715,437993.591,1451748.834,2630386.029,1295314.625,11152074.745
2015-08-01,1790934.818,313853.935,2818703.721,2494194.692,330470.96,11370443.438
2015-09-01,1948543.44,416833.62,2688792.826,2235616.423,204910.34600000002,11001399.479
2015-10-01,1984093.454,482661.93,2804415.036,2399547.945,5893.156,11318878.922
2015-11-01,1698887.139,233674.11,2564532.414,2182886.085,1421.8200000000002,9843859.017
2015-12-01,1767706.757,401584.945,2654376.779,2146922.17,0.0,10122834.733
2016-01-01,946145.46,302525.87799999997,1711822.782,1799217.472,291.31,7832663.108
2016-02-01,1145811.442,255559.58,498518.52499999997,1973198.112,2098572.87,9018650.052
2016-03-01,1324597.169,538861.229,5116.400000000001,2265787.353,3750463.61,10905462.334
2016-04-01,880941.94,504154.475,6544.6,2144194.626,3445501.731,9757126.162
2016-05-01,1800079.32,534143.5719999999,2860.02,2480276.004,2360268.989,10399822.923
2016-06-01,2216207.833,481786.625,51224.718,2267511.354,1750304.5050000001,9871102.503
2016-07-01,2132659.227,309081.726,917608.096,2431611.383,808110.428,10191582.074000001
2016-08-01,2387898.938,424124.52499999997,1739199.758,2616333.1,204753.48,10661362.474
2016-09-01,2136397.292,210891.326,1411212.788,2521738.357,802.35,9906814.273
2016-10-01,2158022.026,268022.155,757386.193,2349711.913,35.87,9146081.632
2016-11-01,1754290.03,281961.594,424458.543,2311466.37,2791.91,7850960.899
2016-12-01,1392291.521,453490.075,426604.10699999996,2472809.014,135721.07,8464752.406
2017-01-01,931011.534,193078.185,400165.648,2137600.87,486565.235,7364630.261
2017-02-01,1333101.195,386613.21,65260.559,2127290.599,2554878.698,9747015.343
2017-03-01,1068034.394,408278.58,339.78499999999997,2532657.445,3636983.965,10865928.307
2017-04-01,1309568.021,569871.601,1271.8,2596990.079,3055113.437,10707190.944
2017-05-01,2241982.706,453353.099,2358.926,2459167.049,2934258.87,11437504.165
2017-06-01,1923230.292,502084.863,489694.504,2593654.749,2155383.93,11042442.29
2017-07-01,2304169.793,408053.885,1831075.132,2641699.185,1152934.27,12057011.72
2017-08-01,2234428.264,481943.68200000003,2916640.345,2687449.989,410404.97500000003,12413295.864
2017-09-01,2400757.287,430861.99199999997,2732867.204,2897869.02,91917.235,12297431.071
2017-10-01,2097567.318,444517.195,2192954.43,2973002.71,898.51,11368331.007
2017-11-01,1883657.593,359350.707,2055448.021,2879290.642,0.0,10903105.294
2017-12-01,998922.832,553764.975,1588703.385,2840246.134,135903.195,9909907.818
2018-01-01,943596.401,435196.71,1172474.3,2513717.285,366307.76,9057591.743
2018-02-01,1075568.876,384501.685,168805.907,2429828.1,2376544.876,9676300.16
2018-03-01,1113690.868,506490.788,69875.115,2968170.459,4072174.289,12281620.341
2018-04-01,839223.495,735434.808,1431.04,2815434.166,3670168.94,11746844.037
2018-05-01,1394893.308,532822.8099999999,4585.733,2601850.345,3057287.861,11051673.002
2018-06-01,1537257.748,320150.954,71458.889,2500104.01,2716040.727,10851802.24
2018-07-01,1514477.679,627210.0599999999,1227236.307,2716459.581,1870820.96,11928341.137
2018-08-01,1368402.137,516476.76499999996,2225953.759,3138851.234,1171038.923,12484081.294
2018-09-01,1913386.399,650362.455,1932492.857,2747971.339,338003.995,11567451.959
2018-10-01,1363003.625,381270.465,1500165.323,2867667.941,366673.83,10319292.934
2018-11-01,1242555.41,460662.575,2208863.508,3096955.289,486429.58499999996,11662744.208
2018-12-01,936785.675,581595.815,2074163.899,2396549.931,182617.41999999998,10863027.052
2019-01-01,889628.306,350993.505,1070936.625,1997616.748,800506.945,8982717.635
2019-02-01,920730.666,494103.58,706.586,2076279.091,2937548.281,10069114.067
2019-03-01,1059313.623,589965.33,1475.529,2248537.921,3639902.107,11384397.894
2019-04-01,877825.835,644523.761,1763.972,2380828.753,2750788.074,10622634.476
2019-05-01,1150923.505,615199.305,5111.024,2462691.275,2591501.693,10993738.873
2019-06-01,1302746.582,602522.24,1242367.257,2402506.867,1939728.951,11576772.51
2019-07-01,1298518.459,512179.525,3033009.742,2368727.823,1233609.105,12768822.27
2019-08-01,1276442.804,451098.015,2990509.313,2454341.914,732406.46,12087688.721
2019-09-01,1353094.217,406271.27999999997,2679629.141,2528760.234,217678.725,11569511.856
2019-10-01,1682260.755,579064.7,2221828.954,2417483.999,760067.993,12789030.612
2019-11-01,1050816.845,505807.76900000003,2059076.809,2309748.063,733809.0430000001,11029045.475
2019-12-01,1205211.75,561429.83,1217283.912,2262731.222,434475.203,10211205.765
2020-01-01,961163.105,277175.6,531165.495,2138411.096,478562.382,8313562.478
2020-02-01,989821.103,497734.11,1149.35,2266626.725,2746804.631,10656080.93
2020-03-01,1445706.17,644047.12,1458.19,2360323.717,4264773.063,12797057.456
2020-04-01,1079927.132,886578.29,1257.38,2238703.335,4611336.37,13489555.903
2020-05-01,2204208.622,641424.145,2081.55,1971538.167,3852404.531,13059568.675
2020-06-01,2010933.795,642767.273,375392.42,1815447.272,3353870.567,12364431.29
2020-07-01,2469042.91,675273.26,2266973.566,2007749.822,1380702.176,13562668.754
2020-08-01,3012721.032,584190.87,3423115.645,2009311.981,339648.613,13733211.641
2020-09-01,2631737.04,544527.08,2337002.945,2239153.433,72260.14,12171505.978
2020-10-01,2854721.603,571109.935,1623949.469,2380968.831,751.6800000000001,12479097.796
2020-11-01,2111386.792,513800.365,2040367.0829999999,2488198.01,2145.27,12120258.307
2020-12-01,1840169.538,339235.445,1911044.001,2672081.615,32.59,11863642.241
2021-01-01,1328113.608,424314.915,603270.546,2387466.108,0.0,9191680.717
2021-02-01,1267010.824,444674.914,1511.33,2458697.55,2436411.95,10927398.721
2021-03-01,1642607.008,571414.59,14454.618,2797360.502,5471808.855,15165873.917
2021-04-01,1245172.932,558762.659,1551.895,2492429.657,5038536.546,13759728.77
2021-05-01,2174475.698,741436.959,5415.52,2655948.712,4156215.005,14085516.406
2021-06-01,2189095.04,762943.325,3822.295,2570503.543,2964497.926,13266863.457
2021-07-01,1943302.56,790328.852,1152605.852,2538043.314,1417437.217,12627547.475
2021-08-01,1967816.36,524903.735,1829783.645,2716436.568,184966.45,12065860.794
2021-09-01,2153722.727,536635.341,1153751.052,2641757.995,309361.535,11851880.73
2021-10-01,1602997.765,486336.95,1079609.777,2577515.348,221396.415,10727400.195
2021-11-01,1660904.225,588503.17,1356147.672,2345699.793,457447.595,11236955.239
2021-12-01,1133674.9239999999,548949.68,1823765.104,2849181.86,679128.08,12122721.551
2022-01-01,885594.255,637316.85,1009297.453,2334787.196,657430.91,10699910.053
2022-02-01,1183738.017,516063.84,240312.391,2358703.618,3739307.448,12899814.468
2022-03-01,1257784.659,816693.25,1993.8020000000001,2688114.537,5196607.358,15158815.643
2022-04-01,826559.599,951191.4,74627.746,2612155.502,4410045.139,13792981.794
2022-05-01,1506720.417,897848.063,131541.367,2629435.455,4166102.049,14237460.143
2022-06-01,2026189.211,715906.765,324544.326,2533085.173,3587046.45,14144792.951
2022-07-01,2115231.771,914122.81,2352725.378,2782575.788,1260564.476,14583731.972
2022-08-01,2455599.509,838982.22,2291099.512,2910889.471,786212.941,14626798.274
2022-09-01,2079485.649,754425.677,2138114.782,2857138.048,586225.157,13628564.38
2022-10-01,2249484.468,858895.792,2492494.592,2770327.72,611563.765,14435748.025
2022-11-01,2199682.313,596673.4,2279186.238,2208666.012,408184.075,12194404.39
2022-12-01,1554135.048,572749.1799999999,2944266.657,2251630.447,137253.925,12096273.848
2023-01-01,1202857.708,498973.77,1503267.977,2219666.863,135508.716,10263991.863
2023-02-01,914371.14,516441.21,81272.03,2061986.445,3342727.615,10984020.633
2023-03-01,967196.424,823328.97,567.0,2367630.381,6282631.466,15335869.556
2023-04-01,737973.892,793074.295,2820.06,2343433.838,4965299.148,13733552.339
2023-05-01,1893885.478,855169.185,190877.24,2621680.138,5026676.273,15147374.291
2023-06-01,2369319.571,842095.185,253072.715,2392221.021,4946112.534,15606571.987
2023-07-01,2213173.298,1031193.3,2315882.785,2659588.218,2091332.385,15350866.748
2023-08-01,2413996.917,862839.785,3265376.106,2712682.711,973235.027,15159596.353
2023-09-01,2719121.091,860014.8300000001,4067174.47,2574517.765,863909.125,16212693.747
2023-10-01,1899778.25,783405.41,3228205.702,2437863.209,604311.965,14355541.073
2023-11-01,2485954.217,882433.8,3602018.404,2541538.321,691016.275,15725099.146
2023-12-01,2683828.46,902757.206,2915152.926,2585990.523,724895.204,15616451.472
2024-01-01,2021241.06,731068.9,1050982.075,2669219.656,205620.875,11914964.716
2024-02-01,2067684.646,613106.35,145477.962,2508490.634,4011046.514,14318569.963
2024-03-01,1843807.398,835335.63,1417.91,3012126.19,5360714.051,16110370.044
2024-04-01,1053300.911,1036303.705,1501.321,2823783.605,4748341.753,14699585.316
2024-05-01,2185853.894,886386.146,3611.9900000000002,2820729.04,4653244.388,15889252.662
2024-06-01,2489091.9,983209.082,2491.275,2781355.037,4774531.34,16257805.82
2024-07-01,2688302.319,841694.84,1550262.366,3094452.123,2472391.876,16425794.882
2024-08-01,2872012.203,864196.265,2813072.016,3018327.261,1136678.92,15899258.105
2024-09-01,2865666.117,735416.4199999999,3312194.182,2985233.514,386526.629,15960115.653
2024-10-01,2561940.462,1015652.378,2688256.939,2937743.859,139524.687,15524346.967
2024-11-01,2104783.602,673175.75,2619419.592,2958655.665,4172.16,14204189.029
2024-12-01,1524171.056,662545.411,1788135.181,3084319.67,2684.05,12787985.864
2025-01-01,1129015.568,848183.625,1378028.635,2972928.152,20459.434999999998,11621655.774
2025-02-01,960404.891,645895.8,61722.259,2635674.547,3748768.031,13119041.655
2025-03-01,1104179.875,905320.585,1898.01,2843244.156,6147892.812,16096566.348
2025-04-01,974110.177,855274.645,1576.83,2975569.855,5017649.147,14850899.216
2025-05-01,2036828.072,932458.084,2262.515,2982164.951,5244282.424,16656799.972
2025-06-01,2430865.069,632907.908,2166.195,3037599.008,4606068.314,16039280.437
2025-07-01,2645736.74,1151500.731,1083722.783,3352550.602,3467735.473,17405401.419
2025-08-01,2677092.027,894070.073,2441160.649,3188454.924,1652380.692,16481205.647
2025-09-01,2743624.682,840355.215,2616310.804,3094435.2770000002,1202064.145,16547053.868
2025-10-01,2642597.787,710567.99,2647261.361,3345578.023,1555312.58,16813246.96
2025-11-01,2608045.205,972150.444,2408073.789,3073654.839,1170675.035,16126648.129
2025-12-01,1648997.531,719107.585,2594208.417,2975549.057,1012862.4670000001,14739015.963
2026-01-01,1561010.948,867668.554,1151919.295,2886627.208,699950.201,12728098.314
2026-02-01,1477114.383,625398.725,74968.47,2661940.849,3235398.809,13172559.456
2026-03-01,1159034.59,998819.742,4121.16,3166793.308,6095307.368,16885580.528
2026-04-01,953982.788,1062685.405,7957.515,2946290.344,6028032.7530000005,16498978.896
2026-05-01,1751670.729,1095828.696,1531.1,3109297.291,5046449.644,16369790.382
