data,porto,fitted,residuo
2005-01-01,5027941,4662669.0,365272.0
2005-02-01,5316605,4462884.0,853721.0
2005-03-01,5899912,5217837.0,682075.0
2005-04-01,5850639,5415720.0,434919.0
2005-05-01,6826372,5841765.0,984607.0
2005-06-01,6974470,6190476.0,783994.0
2005-07-01,7071778,6573090.0,498688.0
2005-08-01,7068940,7193830.0,-124890.0
2005-09-01,6045096,6568028.0,-522932.0
2005-10-01,6416200,6676866.0,-260666.0
2005-11-01,5808336,5852437.0,-44101.0
2005-12-01,5373390,5484798.0,-111408.0
2006-01-01,4588410,4958771.0,-370361.0
2006-02-01,5321605,4880869.0,440736.0
2006-03-01,5853512,5751671.0,101841.0
2006-04-01,6450290,5883163.0,567127.0
2006-05-01,6323896,6289942.0,33954.0
2006-06-01,6601746,6594128.0,7618.0
2006-07-01,6973161,7003155.0,-29994.0
2006-08-01,7885080,7588436.0,296644.0
2006-09-01,6755243,6953085.0,-197842.0
2006-10-01,6726021,7053137.0,-327116.0
2006-11-01,6164815,6225812.0,-60997.0
2006-12-01,6544091,5874284.0,669807.0
2007-01-01,5875643,5254874.0,620769.0
2007-02-01,5938955,5298854.0,640101.0
2007-03-01,6679109,6285506.0,393603.0
2007-04-01,6557842,6350607.0,207235.0
2007-05-01,6813859,6738120.0,75739.0
2007-06-01,7207851,6997779.0,210072.0
2007-07-01,7770913,7433220.0,337693.0
2007-08-01,7827568,7983042.0,-155474.0
2007-09-01,7388288,7338141.0,50147.0
2007-10-01,7068229,7429407.0,-361178.0
2007-11-01,6799628,6599188.0,200440.0
2007-12-01,5784730,6263770.0,-479040.0
2008-01-01,5516404,5550977.0,-34573.0
2008-02-01,5618934,5716838.0,-97904.0
2008-03-01,6943696,6819340.0,124356.0
2008-04-01,6468280,6818051.0,-349771.0
2008-05-01,6996279,7186297.0,-190018.0
2008-06-01,7608107,7401431.0,206676.0
2008-07-01,7955171,7863286.0,91885.0
2008-08-01,7620866,8377648.0,-756782.0
2008-09-01,7772369,7723198.0,49171.0
2008-10-01,7491845,7805678.0,-313833.0
2008-11-01,7031429,6972563.0,58866.0
2008-12-01,6660337,6653256.0,7081.0
2009-01-01,5154919,5847079.0,-692160.0
2009-02-01,5261469,6134823.0,-873354.0
2009-03-01,6694959,7353174.0,-658215.0
2009-04-01,7177982,7285494.0,-107512.0
2009-05-01,7386917,7634474.0,-247557.0
2009-06-01,7201184,7805083.0,-603899.0
2009-07-01,6891210,8293351.0,-1402141.0
2009-08-01,8351298,8772254.0,-420956.0
2009-09-01,7795958,8108254.0,-312296.0
2009-10-01,7764164,8181948.0,-417784.0
2009-11-01,7401635,7345939.0,55696.0
2009-12-01,7054276,7042741.0,11535.0
2010-01-01,6318106,6143182.0,174924.0
2010-02-01,6374267,6552807.0,-178540.0
2010-03-01,7915546,7887008.0,28538.0
2010-04-01,7454240,7752938.0,-298698.0
2010-05-01,8988251,8082651.0,905600.0
2010-06-01,8377346,8208734.0,168612.0
2010-07-01,8603809,8723416.0,-119607.0
2010-08-01,9547549,9166860.0,380689.0
2010-09-01,9114842,8493311.0,621531.0
2010-10-01,9588167,8558219.0,1029948.0
2010-11-01,7700316,7719315.0,-18999.0
2010-12-01,7285428,7432227.0,-146799.0
2011-01-01,6524097,6439285.0,84812.0
2011-02-01,6176029,6970792.0,-794763.0
2011-03-01,7936290,8420842.0,-484552.0
2011-04-01,8502855,8220382.0,282473.0
2011-05-01,7946768,8530828.0,-584060.0
2011-06-01,9040781,8612386.0,428395.0
2011-07-01,9633471,9153481.0,479990.0
2011-08-01,9363761,9561466.0,-197705.0
2011-09-01,8926640,8878367.0,48273.0
2011-10-01,8883607,8934490.0,-50883.0
2011-11-01,7625507,8092690.0,-467183.0
2011-12-01,7660706,7821713.0,-161007.0
2012-01-01,6256252,6735387.0,-479135.0
2012-02-01,7230312,7388776.0,-158464.0
2012-03-01,8641166,8954677.0,-313511.0
2012-04-01,8406379,8687826.0,-281447.0
2012-05-01,8302638,8979005.0,-676367.0
2012-06-01,8521609,9016037.0,-494428.0
2012-07-01,9794864,9583546.0,211318.0
2012-08-01,10648943,9956072.0,692871.0
2012-09-01,9814105,9263424.0,550681.0
2012-10-01,10248179,9310760.0,937419.0
2012-11-01,9086067,8466066.0,620001.0
2012-12-01,8742413,8211199.0,531214.0
2013-01-01,8076889,7031490.0,1045399.0
2013-02-01,7624170,7806761.0,-182591.0
2013-03-01,9574374,9488511.0,85863.0
2013-04-01,9779153,9155269.0,623884.0
2013-05-01,9914376,9427182.0,487194.0
2013-06-01,9324902,9419689.0,-94787.0
2013-07-01,10473415,10013611.0,459804.0
2013-08-01,11372930,10350678.0,1022252.0
2013-09-01,10207172,9648480.0,558692.0
2013-10-01,10660839,9687031.0,973808.0
2013-11-01,9119622,8839442.0,280180.0
2013-12-01,8505767,8600684.0,-94917.0
2014-01-01,6938888,7327593.0,-388705.0
2014-02-01,7885184,8224746.0,-339562.0
2014-03-01,10586892,10022345.0,564547.0
2014-04-01,9058391,9622713.0,-564322.0
2014-05-01,8870436,9875359.0,-1004923.0
2014-06-01,9915398,9823341.0,92057.0
2014-07-01,10076040,10443676.0,-367636.0
2014-08-01,10733916,10745284.0,-11368.0
2014-09-01,9323911,10033537.0,-709626.0
2014-10-01,10321868,10063302.0,258566.0
2014-11-01,8885452,9212817.0,-327365.0
2014-12-01,9052199,8990170.0,62029.0
2015-01-01,7510736,7623695.0,-112959.0
2015-02-01,8541657,8642730.0,-101073.0
2015-03-01,10311281,10556179.0,-244898.0
2015-04-01,9419704,10090157.0,-670453.0
2015-05-01,10087785,10323536.0,-235751.0
2015-06-01,9295701,10226992.0,-931291.0
2015-07-01,11152072,10873742.0,278330.0
2015-08-01,11370435,11139890.0,230545.0
2015-09-01,11001393,10418593.0,582800.0
2015-10-01,11318891,10439572.0,879319.0
2015-11-01,9845119,9586193.0,258926.0
2015-12-01,10122843,9379656.0,743187.0
2016-01-01,7832663,7919798.0,-87135.0
2016-02-01,9018649,9060715.0,-42066.0
2016-03-01,10905466,11090013.0,-184547.0
2016-04-01,9757122,10557600.0,-800478.0
2016-05-01,10399814,10771713.0,-371899.0
2016-06-01,9871092,10630644.0,-759552.0
2016-07-01,10191583,11303807.0,-1112224.0
2016-08-01,10661361,11534496.0,-873135.0
2016-09-01,9906810,10803650.0,-896840.0
2016-10-01,9146081,10815843.0,-1669762.0
2016-11-01,7850967,9959568.0,-2108601.0
2016-12-01,8464754,9769142.0,-1304388.0
2017-01-01,7364639,8215901.0,-851262.0
2017-02-01,9747014,9478699.0,268315.0
2017-03-01,10865945,11623847.0,-757902.0
2017-04-01,10707190,11025044.0,-317854.0
2017-05-01,11437501,11219890.0,217611.0
2017-06-01,11042436,11034295.0,8141.0
2017-07-01,12057004,11733872.0,323132.0
2017-08-01,12413288,11929102.0,484186.0
2017-09-01,12297423,11188706.0,1108717.0
2017-10-01,11368335,11192114.0,176221.0
2017-11-01,10903099,10332944.0,570155.0
2017-12-01,9909911,10158628.0,-248717.0
2018-01-01,9057591,8512003.0,545588.0
2018-02-01,9676287,9896684.0,-220397.0
2018-03-01,12283412,12157682.0,125730.0
2018-04-01,11746845,11492488.0,254357.0
2018-05-01,11051675,11668067.0,-616392.0
2018-06-01,10851795,11437947.0,-586152.0
2018-07-01,11928341,12163937.0,-235596.0
2018-08-01,12484081,12323708.0,160373.0
2018-09-01,11567446,11573763.0,-6317.0
2018-10-01,10319288,11568384.0,-1249096.0
2018-11-01,11662740,10706320.0,956420.0
2018-12-01,10863015,10548113.0,314902.0
2019-01-01,8982720,8808106.0,174614.0
2019-02-01,10069117,10314669.0,-245552.0
2019-03-01,11384410,12691516.0,-1307106.0
2019-04-01,10622637,11959932.0,-1337295.0
2019-05-01,10993750,12116244.0,-1122494.0
2019-06-01,11576763,11841599.0,-264836.0
2019-07-01,12768827,12594002.0,174825.0
2019-08-01,12087786,12718314.0,-630528.0
2019-09-01,11569514,11958819.0,-389305.0
2019-10-01,12789024,11944655.0,844369.0
2019-11-01,11029042,11079695.0,-50653.0
2019-12-01,10211207,10937599.0,-726392.0
2020-01-01,8313550,9104209.0,-790659.0
2020-02-01,10656081,10732653.0,-76572.0
2020-03-01,12797058,13225350.0,-428292.0
2020-04-01,13489566,12427375.0,1062191.0
2020-05-01,13059577,12564421.0,495156.0
2020-06-01,12364434,12245250.0,119184.0
2020-07-01,13562666,13024067.0,538599.0
2020-08-01,13733209,13112920.0,620289.0
2020-09-01,12171502,12343876.0,-172374.0
2020-10-01,12479102,12320925.0,158177.0
2020-11-01,12120254,11453071.0,667183.0
2020-12-01,11863637,11327085.0,536552.0
2021-01-01,9192360,9400311.0,-207951.0
2021-02-01,10927399,11150638.0,-223239.0
2021-03-01,15165869,13759184.0,1406685.0
2021-04-01,13759730,12894819.0,864911.0
2021-05-01,14085520,13012598.0,1072922.0
2021-06-01,13266862,12648902.0,617960.0
2021-07-01,12627546,13454132.0,-826586.0
2021-08-01,12065858,13507526.0,-1441668.0
2021-09-01,11851872,12728932.0,-877060.0
2021-10-01,10727403,12697196.0,-1969793.0
2021-11-01,11241892,11826447.0,-584555.0
2021-12-01,12122719,11716571.0,406148.0
2022-01-01,10699935,9696414.0,1003521.0
2022-02-01,12899826,11568622.0,1331204.0
2022-03-01,15158804,14293018.0,865786.0
2022-04-01,13792995,13362263.0,430732.0
2022-05-01,14237454,13460775.0,776679.0
2022-06-01,14144789,13052553.0,1092236.0
2022-07-01,14583718,13884197.0,699521.0
2022-08-01,14626790,13902132.0,724658.0
2022-09-01,13628567,13113988.0,514579.0
2022-10-01,14435751,13073467.0,1362284.0
2022-11-01,12194409,12199822.0,-5413.0
2022-12-01,12096270,12106057.0,-9787.0
